ID,Absatz,"Willkürfreiheit, zureichender Grund, natürliche und sittliche Notwendigkeit, Vereinigung von Freiheit und Naturnotwendigkeit"
6.334,"Die Freiheit der Willkür aber kann nicht durch das Vermögen der Wahl, für oder wider das Gesetz zu handeln, ( libertas indifferentiae ) definirt werden - wie es wohl einige versucht haben, - obzwar die Willkür als Phänomen davon in der Erfahrung häufige Beispiele giebt. Denn die Freiheit (so wie sie uns durchs moralische Gesetz allererst kundbar wird) kennen wir nur als negative Eigenschaft in uns, nämlich durch keine sinnliche Bestimmungsgründe zum Handeln genöthigt zu werden. Als Noumen aber, d. i. nach dem Vermögen des Menschen bloß als Intelligenz betrachtet, wie sie in Ansehung der sinnlichen Willkür nöthigend ist, mithin ihrer positiven Beschaffenheit nach, können wir sie theoretisch gar nicht darstellen. Nur das können wir wohl einsehen: daß, obgleich der Mensch als Sinnenwesen der Erfahrung nach ein Vermögen zeigt dem Gesetze nicht allein gemäß, sondern auch zuwider zu wählen, dadurch doch nicht seine Freiheit als intelligiblen Wesens definirt werden könne, weil Erscheinungen kein übersinnliches Object (dergleichen doch die freie Willkür ist) verständlich machen können, und daß die Freiheit nimmermehr darin gesetzt werden kann, daß das vernünftige Subject auch eine wider seine (gesetzgebende) Vernunft streitende Wahl treffen kann; wenn gleich die Erfahrung oft genug beweist, daß es geschieht (wovon wir doch die Möglichkeit nicht begreifen können). - Denn ein Anderes ist, einen Satz (der Erfahrung) einräumen, ein Anderes, ihn zum Erklärungsprincip (des Begriffs der freien Willkür) und allgemeinen Unterscheidungsmerkmal (vom arbitrio bruto s. servo ) machen; weil das Erstere nicht behauptet, daß das Merkmal nothwendig zum Begriff gehöre, welches doch zum Zweiten erforderlich ist. - Die Freiheit in Beziehung auf die innere Gesetzgebung der Vernunft ist eigentlich allein ein Vermögen; die Möglichkeit von dieser abzuweichen ein Unvermögen. Wie kann nun jenes aus diesem erklärt werden? Es ist eine Definition, die über den praktischen Begriff noch die Ausübung desselben, wie sie die Erfahrung lehrt, hinzuthut, eine Bastarderklärung ( definitio hybrida ), welche den Begriff im falschen Lichte darstellt.",
5.67,"Die Autonomie des Willens ist das alleinige Princip aller moralischen Gesetze und der ihnen gemäßen Pflichten: alle Heteronomie der Willkür gründet dagegen nicht allein gar keine Verbindlichkeit, sondern ist vielmehr dem Princip derselben und der Sittlichkeit des Willens entgegen. In der Unabhängigkeit nämlich von aller Materie des Gesetzes (nämlich einem begehrten Objecte) und zugleich doch Bestimmung der Willkür durch die bloße allgemeine gesetzgebende Form, deren eine Maxime fähig sein muß, besteht das alleinige Princip der Sittlichkeit. Jene Unabhängigkeit aber ist Freiheit im negativen, diese eigene Gesetzgebung aber der reinen und als solche praktischen Vernunft ist Freiheit im positiven Verstande. Also drückt das moralische Gesetz nichts anders aus, als die Autonomie der reinen praktischen Vernunft, d. i. der Freiheit, und diese ist selbst die formale Bedingung aller Maximen, unter der sie allein mit dem obersten praktischen Gesetze zusammenstimmen können. Wenn daher die Materie des wollens, welche nichts anders als das Object einer Begierde sein kann, die mit dem Gesetz verbunden wird, in das praktische Gesetz als Bedingung der Möglichkeit desselben hineinkommt, so wird daraus Heteronomie der Willkür, nämlich Abhängigkeit vom Naturgesetze, irgend einem Antriebe oder Neigung zu folgen, und der Wille giebt sich nicht selbst das Gesetz, sondern nur die Vorschrift zur vernünftigen Befolgung pathologischer Gesetze; die Maxime aber, die auf solche Weise niemals die allgemein-gesetzgebende Form in sich enthalten kann, stiftet auf diese Weise nicht allein keine Verbindlichkeit, sondern ist selbst dem Princip einer reinen praktischen Vernunft, hiemit also auch der sittlichen Gesinnung entgegen, wenn gleich die Handlung, die daraus entspringt, gesetzmäßig sein sollte.",
6.314,"Der Begriff der Freiheit ist ein reiner Vernunftbegriff, der eben darum für die theoretische Philosophie transscendent, d. i. ein solcher ist, dem kein angemessenes Beispiel in irgend einer möglichen Erfahrung gegeben werden kann, welcher also keinen Gegenstand einer uns möglichen theoretischen Erkenntniß ausmacht und schlechterdings nicht für ein constitutives, sondern lediglich als regulatives und zwar nur bloß negatives Princip der speculativen Vernunft gelten kann, im praktischen Gebrauch derselben aber seine Realität durch praktische Grundsätze beweiset, die als Gesetze eine Causalität der reinen Vernunft, unabhängig von allen empirischen Bedingungen (dem Sinnlichen überhaupt) die Willkür zu bestimmen, und einen reinen Willen in uns beweisen, in welchem die sittlichen Begriffe und Gesetze ihren Ursprung haben.",
4.1051,Freiheit muß als Eigenschaft des Willens aller vernünftigen Wesen vorausgesetzt werden.,
3.827,"Dagegen verstehe ich unter Freiheit im kosmologischen Verstande das Vermögen, einen Zustand von selbst anzufangen, deren Causalität also nicht nach dem Naturgesetze wiederum unter einer anderen Ursache steht, welche sie der Zeit nach bestimmte. Die Freiheit ist in dieser Bedeutung eine reine transscendentale Idee, die erstlich nichts von der Erfahrung Entlehntes enthält, zweitens deren Gegenstand auch in keiner Erfahrung bestimmt gegeben werden kann, weil es ein allgemeines Gesetz selbst der Möglichkeit aller Erfahrung ist, daß alles, was geschieht, eine Ursache, mithin auch die Causalität der Ursache, die selbst geschehen oder entstanden, wiederum eine Ursache haben müsse; wodurch denn das ganze Feld der Erfahrung, so weit es sich erstrecken mag, in einem Inbegriff bloßer Natur verwandelt wird. Da aber auf solche Weise keine absolute Totalität der Bedingungen im Causalverhältnisse heraus zu bekommen ist, so schafft sich die Vernunft die Idee von einer Spontaneität, die von selbst anheben könne zu handeln, ohne daß eine andere Ursache vorangeschickt werden dürfe, sie wiederum nach dem Gesetze der Causalverknüpfung zur Handlung zu bestimmen.",
8.204,"Drittens bedeutet auch Freiheit im Denken die Unterwerfung der Vernunft unter keine andere Gesetze als: die sie sich selbst giebt; und ihr Gegentheil ist die Maxime eines gesetzlosen Gebrauchs der Vernunft (um dadurch, wie das Genie wähnt, weiter zu sehen, als unter der Einschränkung durch Gesetze). Die Folge davon ist natürlicher Weise diese: daß, wenn die Vernunft dem Gesetze nicht unterworfen sein will, das sie sich selbst giebt, sie sich unter das joch der Gesetze beugen muß, die ihr ein anderer giebt; denn ohne irgend ein Gesetz kann gar nichts, selbst nicht der größte Unsinn sein Spiel lange treiben. Also ist die unvermeidliche Folge der erklärten Gesetzlosigkeit im Denken (einer Befreiung von den Einschränkungen durch die Vernunft) diese: daß Freiheit zu denken zuletzt dadurch eingebüßt und, weil nicht etwa Unglück, sondern wahrer Übermuth daran Schuld ist, im eigentlichen Sinne des Worts verscherzt wird.",
4.1049,"Die angeführte Erklärung der Freiheit ist negativ und daher, um ihr Wesen einzusehen, unfruchtbar; allein es fließt aus ihr ein positiver Begriff derselben, der desto reichhaltiger und fruchtbarer ist. Da der Begriff einer Causalität den von Gesetzen bei sich führt, nach welchen durch etwas, was wir Ursache nennen, etwas anderes, nämlich die Folge, gesetzt werden muß: so ist die Freiheit, ob sie zwar nicht eine Eigenschaft des Willens nach Naturgesetzen ist, darum doch nicht gar gesetzlos, sondern muß vielmehr eine Causalität nach unwandelbaren Gesetzen, aber von besonderer Art sein; denn sonst wäre ein freier Wille ein Unding. Die Naturnothwendigkeit war eine Heteronomie der wirkenden Ursachen; denn jede Wirkung war nur nach dem Gesetze möglich, daß etwas anderes die wirkende Ursache zur Causalität bestimmte; was kann denn wohl die Freiheit des Willens sonst sein als Autonomie, d. i. die Eigenschaft des Willens, sich selbst ein Gesetz zu sein? Der Satz aber: der Wille ist in allen Handlungen sich selbst ein Gesetz, bezeichnet nur das Princip, nach keiner anderen Maxime zu handeln, als die sich selbst auch als ein allgemeines Gesetz zum Gegenstande haben kann. Dies ist aber gerade die Formel des kategorischen Imperativs und das Princip der Sittlichkeit: also ist ein freier Wille und ein Wille unter sittlichen Gesetzen einerlei.",
6.778,"Unbedingte Unterwerfung des Volkswillens (der an sich unvereinigt, mithin gesetzlos ist) unter einem souveränen (alle durch Ein Gesetz vereinigenden) Willen ist That, die nur durch Bemächtigung der obersten Gewalt anheben kann und so zuerst ein öffentliches Recht begründet. Gegen diese Machtvollkommenheit noch einen Widerstand zu erlauben (der jene oberste Gewalt einschränkte), heißt sich selbst widersprechen; denn alsdann wäre jene (welcher widerstanden werden darf) nicht die gesetzliche oberste Gewalt, die zuerst bestimmt, was öffentlich recht sein soll oder nicht - und dieses Princip liegt schon a priori in der Idee einer Staatsverfassung überhaupt, d. i. in einem Begriffe der praktischen Vernunft, dem zwar adäquat kein Beispiel in der Erfahrung untergelegt werden kann, dem aber auch als Norm keine widersprechen muß.",
3.697,"Wir haben also nichts als Natur, in welcher wir den Zusammenhang und Ordnung der Weltbegebenheiten suchen müssen. Die Freiheit (Unabhängigkeit) von den Gesetzen der Natur ist zwar eine Befreiung vom Zwange, aber auch vom Leitfaden aller Regeln. Denn man kann nicht sagen, daß anstatt der Gesetze der Natur Gesetze der Freiheit in die Causalität des Weltlaufs eintreten, weil, wenn diese nach Gesetzen bestimmt wäre, sie nicht Freiheit, sondern selbst nichts anders als Natur wäre. Natur also und transscendentale Freiheit unterscheiden sich wie Gesetzmäßigkeit und Gesetzlosigkeit, davon jene zwar den Verstand mit der",
7.851,A. Gesetz und Freiheit ohne Gewalt (Anarchie). B. Gesetz und Gewalt ohne Freiheit (Despotism).,
7.729,"Phlegma, als Schwäche, ist Hang zur Unthätigkeit, sich durch selbst starke Triebfedern zu Geschäften nicht bewegen zu lassen. Die Unempfindlichkeit dafür ist willkürliche Unnützlichkeit, und die Neigungen gehen nur auf Sättigung und Schlaf.",
9.202,"Historisch unwissend sind gemeiniglich Vernunftlehrer. Das historische Wissen ohne bestimmte Grenzen ist Polyhistorie; diese bläht auf. Polymathie geht auf das Vernunfterkenntniß. Beides, das ohne bestimmte Grenzen ausgedehnte historische so wohl als rationale Wissen kann Pansophie heißen. Zum historischen Wissen gehört die Wissenschaft von den Werkzeugen der Gelehrsamkeit - die Philologie, die eine kritische Kenntniß der Bücher und Sprachen (Literatur und Linguistik) in sich faßt.",
4.735,"Zuletzt gehört auch zu den Erfahrungsurtheilen die Erkenntniß der Übereinstimmung und Verknüpfung: nicht sowohl der Erscheinungen unter einander in der Erfahrung, als vielmehr ihr Verhältniß zur Erfahrung überhaupt, welches entweder ihre Übereinstimmung mit den formalen Bedingungen, die der Verstand erkennt, oder Zusammenhang mit dem Materialen der Sinne und der Wahrnehmung, oder beiden in einen Begriff vereinigt, folglich Möglichkeit, Wirklichkeit und Nothwendigkeit nach allgemeinen Naturgesetzen enthält; welches die physiologische Methodenlehre (Unterscheidung der Wahrheit und Hypothesen und die Grenzen der Zuverlässigkeit der letzteren) ausmachen würde.",
9.232,"Dieses zweite, den logischen Zusammenhang eines Erkenntnisses mit Gründen und Folgen betreffende Kriterium der äußerlichen logischen Wahrheit oder der Rationabilität des Erkenntnisses ist positiv. Und hier gelten folgende Regeln:",
7.714,"Physiologisch betrachtet versteht man, wenn vom Temperament die Rede ist, die körperliche Constitution (den starken oder schwachen Bau) und Complexion (das Flüssige, durch die Lebenskraft gesetzmäßig Bewegliche im Körper, worin die Wärme oder Kälte in Bearbeitung dieser Säfte mit begriffen ist).",
4.1320,"Die geradlinichte Bewegung einer Materie in Ansehung eines empirischen Raumes ist zum Unterschiede von der entgegengesetzten Bewegung des Raums ein blos mögliches Prädicat. Eben dasselbe in gar keiner Relation auf eine Materie außer ihr, d. i. als absolute Bewegung gedacht, ist unmöglich.",
4.217,"Verstand und Urtheilskraft haben demnach ihren Kanon des objectiv gültigen, mithin wahren Gebrauchs in der transscendentalen Logik und gehören also in ihren analytischen Theil. Allein Vernunft in ihren Versuchen, über Gegenstände a priori etwas auszumachen und das Erkenntniß über die Grenzen möglicher Erfahrung zu erweitern, ist ganz und gar dialektisch, und ihre Scheinbehauptungen schicken sich durchaus nicht in einen Kanon, dergleichen doch die Analytik enthalten soll.",
3.266,"Verstand und Urtheilskraft haben demnach ihren Kanon des objectiv gültigen, mithin wahren Gebrauchs in der transscendentalen Logik und gehören also in ihren analytischen Theil. Allein Vernunft in ihren Versuchen, über Gegenstände a priori etwas auszumachen und das Erkenntniß über die Grenzen möglicher Erfahrung zu erweitern, ist ganz und gar dialektisch, und ihre Scheinbehauptungen schicken sich durchaus nicht in einen Kanon, dergleichen doch die Analytik enthalten soll.",
5.140,"Die negative Wirkung auf Gefühl (der Unannehmlichkeit) ist, so wie aller Einfluß auf dasselbe und wie jedes Gefühl überhaupt, pathologisch. Als Wirkung aber vom Bewußtsein des moralischen Gesetzes, folglich in Beziehung auf eine intelligibele Ursache, nämlich das Subject der reinen praktischen Vernunft als obersten Gesetzgeberin, heißt dieses Gefühl eines vernünftigen von Neigungen afficirten Subjects zwar Demüthigung (intellectuelle Verachtung), aber in Beziehung auf den positiven Grund derselben, das Gesetz, zugleich Achtung für dasselbe, für welches Gesetz gar kein Gefühl stattfindet, sondern im Urtheile der Vernunft, indem es den Widerstand aus dem Wege schafft, die Wegräumung eines Hindernisses einer positiven Beförderung der Causalität gleichgeschätzt wird. Darum kann dieses Gefühl nun auch ein Gefühl der Achtung fürs moralische Gesetz, aus beiden Gründen zusammen aber ein moralisches Gefühl genannt werden.",
9.209,"Eine zweckmäßige Genauigkeit in Formalien ist Gründlichkeit (schulgerechte, scholastische Vollkommenheit). Pedanterie ist also eine affectirte Gründlichkeit, so wie Galanterie, als eine bloße Buhlerin um den Beifall des Geschmacks, nichts als eine affectirte Popularität ist. Denn die Galanterie ist nur bemüht, sich dem Leser gewogen zu machen und ihn daher auch nicht einmal durch ein schweres Wort zu beleidigen.",
9.640,"Das Princip, worauf die Möglichkeit und Gültigkeit aller kategorischen Vernunftschlüsse beruht, ist dieses:",
9.26,"Als eine Wissenschaft, die auf alles Denken überhaupt geht, unangesehen der Objecte als der Materie des Denkens ist die Logik",
5.81,Praktische materiale Bestimmungsgründe im Princip der Sittlichkeit sind,
4.583,"1. Die unbedingte Einheit des Verhältnisses d.i. sich selbst, nicht als inhärirend, sondern subsistirend 2. Die unbedingte Einheit der Qualität, d.i. nicht als reales Ganze, sondern einfach *) 3. Die unbedingte Einheit bei der Vielheit in der Zeit, d.i. nicht in verschiedenen Zeiten numerisch verschieden, sondern als Eines und eben dasselbe Subject 4. Die unbedingte Einheit des Daseins im Raume, d.i. nicht als das Bewußtsein mehrerer Dinge außer ihr, sondern nur des Daseins ihrer selbst, anderer Dinge aber blos als ihrer Vorstellungen",
3.735,Auf der Seite also des Dogmatismus in Bestimmung der kosmologischen Vernunftideen oder der Thesis zeigt sich,
9.397,"Und etwas muß doch auch in jeder Hypothese apodiktisch gewiß sein, nämlich",
5.82,Subjective Objective äußere innere innere äußere Der Erziehung (nach Montaigne) Der bürgerlichen Verfassung (nach Mandeville) Des physischen Gefühls (nach Epikur) Des moralischen Gefühls (nach Hutcheson) Der Vollkommenheit (nach Wolff und den Stoikern) Des Willens Gottes (nach Crusius und andern theologischen Moralisten),
3.964,"Die natürliche Theologie schließt auf die Eigenschaften und das Dasein eines Welturhebers aus der Beschaffenheit, der Ordnung und Einheit, die in dieser Welt angetroffen wird, in welcher zweierlei Causalität und deren Regel angenommen werden muß, nämlich Natur und Freiheit. Daher steigt sie von dieser Welt zur höchsten Intelligenz auf, entweder als dem Princip aller natürlichen, oder aller sittlichen Ordnung und Vollkommenheit. Im ersteren Falle heißt sie Physikotheologie, im letzten Moraltheologie *) .",
6.136,"2. Die Beschaffenheit (Qualität) derselben; d. i. die Lauterkeit, die Vereinigung unter keinen andern als moralischen Triebfedern (gereinigt vom Blödsinn des Aberglaubens und dem Wahnsinn der Schwärmerei).",
7.853,"Man sieht, daß nur die letztere eine wahre bürgerliche Verfassung genannt zu werden verdiene; wobei man aber nicht auf eine der drei Staatsformen (Demokratie) hinzielt, sondern unter Republik nur einen Staat überhaupt versteht und das alte Brocardicon: Salus civitatis (nicht civium ) suprema lex esto nicht bedeutet: Das Sinnenwohl des gemeinen Wesens (die Glückseligkeit der Bürger) solle zum obersten Princip der Staatsverfassung dienen; denn dieses Wohlergehen, was ein jeder nach seiner Privatneigung, so oder anders, sich vormalt, taugt gar nicht zu irgend einem objectiven Princip, als welches Allgemeinheit fordert, sondern jene Sentenz sagt nichts weiter als: Das Verstandeswohl, die Erhaltung der einmal bestehenden Staatsverfassung, ist das höchste Gesetz einer bürgerlichen Gesellschaft überhaupt; denn diese besteht nur durch jene.",
9.523,"§. 30. Modalität der Urtheile: Problematische, assertorische, apodiktische.",
9.470,§. 15. Bedingungen der Entstehung höherer und niederer Begriffe: Logische Abstraction und logische Determination.,
4.960,Zweiter Abschnitt. Übergang von der populären sittlichen Weltweisheit zur Metaphysik der Sitten.,
4.937,2. Zweiter Abschnitt: Übergang von der populären Moralphilosophie zur Metaphysik der Sitten.,
9.426,§. 4. Gegebene (a priori oder a posteriori) und gemachte Begriffe.,
9.494,"§. 22. Qualität der Urtheile: Bejahende, Verneinende, Unendliche.",
9.626,"§. 60. Eintheilung der Vernunftschlüsse (der Relation nach) in kategorische, hypothetische und disjunctive.",
4.268,1. Axiomen der Anschauung 2. Anticipationen der Wahrnehmung 3. Analogien der Erfahrung 4. Postulate des empirischen Denkens überhaupt,
9.485,"§. 20. Logische Formen der Urtheile: Quantität, Qualität, Relation und Modalität.",
9.765,§. 104. Analytische Definitionen durch Zergliederung a priori oder a posteriori gegebene Begriffe.,
4.1048,"Der Wille ist eine Art von Causalität lebender Wesen, so fern sie vernünftig sind, und Freiheit würde diejenige Eigenschaft dieser Causalität sein, da sie unabhängig von fremden sie bestimmenden Ursachen wirkend sein kann: so wie Naturnothwendigkeit die Eigenschaft der Causalität aller vernunftlosen Wesen, durch den Einfluß fremder Ursachen zur Thätigkeit bestimmt zu werden.",
5.214,"Das moralische Gesetz führte in der vorhergehenden Zergliederung zur praktischen Aufgabe, welche ohne allen Beitritt sinnlicher Triebfedern, blos durch reine Vernunft vorgeschrieben wird, nämlich der nothwendigen Vollständigkeit des ersten und vornehmsten Theils des höchsten Guts, der Sittlichkeit, und, da diese nur in einer Ewigkeit völlig aufgelöset werden kann, zum Postulat der Unsterblichkeit. Eben dieses Gesetz muß auch zur Möglichkeit des zweiten Elements des höchsten Guts, nämlich der jener Sittlichkeit angemessenen Glückseligkeit, eben so uneigennützig wie vorher, aus bloßer unparteiischer Vernunft, nämlich auf die Voraussetzung des Daseins einer dieser Wirkung adäquaten Ursache führen, d. i. die Existenz Gottes, als zur Möglichkeit des höchsten Guts (welches Object unseres Willens mit der moralischen Gesetzgebung der reinen Vernunft nothwendig verbunden ist) nothwendig gehörig, postuliren. Wir wollen diesen Zusammenhang überzeugend darstellen.",
6.499,"Aber die transscendentale Deduction des Begriffs der Erwerbung durch Vertrag kann allein alle diese Schwierigkeiten heben. In einem rechtlichen äußeren Verhältnisse wird meine Besitznehmung der Willkür eines Anderen (und so wechselseitig), als Bestimmungsgrund desselben zu einer That, zwar erst empirisch durch Erklärung und Gegenerklärung der Willkür eines jeden von beiden in der Zeit, als sinnlicher Bedingung der Apprehension, gedacht, wo beide rechtliche Acte immer nur auf einander folgen: weil jenes Verhältniß (als ein rechtliches) rein intellectuell ist, durch den Willen als ein gesetzgebendes Vernunftvermögen jener Besitz als ein intelligibeler ( possessio noumenon ) nach Freiheitsbegriffen mit Abstraction von jenen empirischen Bedingungen als das Mein oder Dein vorgestellt; wo beide Acte, des Versprechens und der Annehmung, nicht als aufeinander folgend, sondern (gleich als pactum re initum ) aus einem einzigen gemeinsamen Willen hervorgehend (welches durch das Wort zugleich ausgedrückt wird) und der Gegenstand ( promissum ) durch Weglassung der empirischen Bedingungen nach dem Gesetz der reinen praktischen Vernunft als erworben vorgestellt wird.",
6.475,"Die bürgerliche Verfassung, obzwar ihre Wirklichkeit subjectiv zufällig ist, ist gleichwohl objectiv, d. i. als Pflicht, nothwendig. Mithin giebt es in Hinsicht auf dieselbe und ihre Stiftung ein wirkliches Rechtsgesetz der Natur, dem alle äußere Erwerbung unterworfen ist.",
6.317,Verbindlichkeit ist die Nothwendigkeit einer freien Handlung unter einem kategorischen Imperativ der Vernunft.,
4.1064,"Als ein vernünftiges, mithin zur intelligibelen Welt gehöriges Wesen kann der Mensch die Causalität seines eigenen Willens niemals anders als unter der Idee der Freiheit denken; denn Unabhängigkeit von den bestimmenden Ursachen der Sinnenwelt (dergleichen die Vernunft jederzeit sich selbst beilegen muß) ist Freiheit. Mit der Idee der Freiheit ist nun der Begriff der Autonomie unzertrennlich verbunden, mit diesem aber das allgemeine Princip der Sittlichkeit, welches in der Idee allen Handlungen vernünftiger Wesen eben so zum Grunde liegt, als das Naturgesetz allen Erscheinungen.",
6.315,"Auf diesem (in praktischer Rücksicht) positiven Begriffe der Freiheit gründen sich unbedingte praktische Gesetze, welche moralisch heißen, die in Ansehung Unser, deren Willkür sinnlich afficirt und so dem reinen Willen nicht von selbst angemessen, sondern oft widerstrebend ist, Imperativen (Gebote oder Verbote) und zwar kategorische (unbedingte) Imperativen sind, wodurch sie sich von den technischen (den Kunst-Vorschriften), als die jederzeit nur bedingt gebieten, unterscheiden, nach denen gewisse Handlungen erlaubt oder unerlaubt, d. i. moralisch möglich oder unmöglich, einige derselben aber, oder ihr Gegentheil moralisch nothwendig, d. i. verbindlich, sind, woraus dann für jene der Begriff einer Pflicht entspringt, deren Befolgung oder Übertretung zwar auch mit einer Lust oder Unlust von besonderer Art (der eines moralischen Gefühls) verbunden ist, auf welche wir aber [ weil sie nicht den Grund der praktischen Gesetze, sondern nur die subjective Wirkung im Gemüth bei der Bestimmung unserer Willkür durch jene betreffen und (ohne jener ihrer Gültigkeit oder Einflusse objectiv, d. i. im Urtheil der Vernunft, etwas hinzuzuthun oder zu benehmen) nach Verschiedenheit der Subjecte verschieden sein kann ] in praktischen Gesetzen der Vernunft gar nicht Rücksicht nehmen.",
5.226,"Diese Postulate sind die der Unsterblichkeit, der Freiheit, positiv betrachtet (als der Causalität eines Wesens, so fern es zur intelligibelen Welt gehört), und des Daseins Gottes. Das erste fließt aus der praktisch nothwendigen Bedingung der Angemessenheit der Dauer zur Vollständigkeit der Erfüllung des moralischen Gesetzes; das zweite aus der nothwendigen Voraussetzung der Unabhängigkeit von der Sinnenwelt und des Vermögens der Bestimmung seines Willens nach dem Gesetze einer intelligibelen Welt, d. i. der Freiheit; das dritte aus der Nothwendigkeit der Bedingung zu einer solchen intelligibelen Welt, um das höchste Gut zu sein, durch die Voraussetzung des höchsten selbstständigen Guts, d. i. des Daseins Gottes.",
6.308,"Man nennt die bloße Übereinstimmung oder Nichtübereinstimmung einer Handlung mit dem Gesetze ohne Rücksicht auf die Triebfeder derselben die Legalität (Gesetzmäßigkeit), diejenige aber, in welcher die Idee der Pflicht aus dem Gesetze zugleich die Triebfeder der Handlung ist, die Moralität (Sittlichkeit) derselben.",
5.98,"Diese Art von Creditiv des moralischen Gesetzes, da es selbst als ein Princip der Deduction der Freiheit als einer Causalität der reinen Vernunft aufgestellt wird, ist, da die theoretische Vernunft wenigstens die Möglichkeit einer Freiheit anzunehmen genöthigt war, zu Ergänzung eines Bedürfnisses derselben statt aller Rechtfertigung a priori völlig hinreichend. Denn das moralische Gesetz beweiset seine Realität dadurch auch für die Kritik der speculativen Vernunft genugthuend, daß es einer blos negativ gedachten Causalität, deren Möglichkeit jener unbegreiflich und dennoch sie anzunehmen nöthig war, positive Bestimmung, nämlich den Begriff einer den Willen unmittelbar (durch die Bedingung einer allgemeinen gesetzlichen Form seiner Maximen) bestimmenden Vernunft, hinzufügt und so der Vernunft, die mit ihren Ideen, wenn sie speculativ verfahren wollte, immer überschwenglich wurde, zum erstenmale objective, obgleich nur praktische Realität zu geben vermag und ihren transscendenten Gebrauch in einen immanenten (im Felde der Erfahrung durch Ideen selbst wirkende Ursachen zu sein) verwandelt.",
6.825,"Der Pflichtbegriff steht unmittelbar in Beziehung auf ein Gesetz (wenn ich gleich noch von allem Zweck als der Materie desselben abstrahire); wie denn das formale Princip der Pflicht im kategorischen Imperativ: ""Handle so, daß die Maxime deiner Handlung ein allgemeines Gesetz werden könne"" es schon anzeigt; nur daß in der Ethik dieses als das Gesetz deines eigenen Willens gedacht wird, nicht des Willens überhaupt, der auch der Wille Anderer sein könnte: wo es alsdann eine Rechtspflicht abgeben würde, die nicht in das Feld der Ethik gehört. - Die Maximen werden hier als solche subjective Grundsätze angesehen, die sich zu einer allgemeinen Gesetzgebung blos qualificiren; welches nur ein negatives Princip (einem Gesetz überhaupt nicht zu widerstreiten) ist. Wie kann es aber dann noch ein Gesetz für die Maxime der Handlungen geben?",
6.958,"Der Vernunftbeweis aber der Unzulässigkeit jenes unnatürlichen und selbst auch des blos unzweckmäßigen Gebrauchs seiner Geschlechtseigenschaften als Verletzung (und zwar, was den ersteren betrifft, im höchsten Grade) der Pflicht gegen sich selbst ist nicht so leicht geführt. - Der Beweisgrund liegt freilich darin, daß der Mensch seine Persönlichkeit dadurch (wegwerfend) aufgiebt, indem er sich blos zum Mittel der Befriedigung thierischer Triebe braucht. Aber der hohe Grad der Verletzung der Menschheit in seiner eigenen Person durch ein solches Laster in seiner Unnatürlichkeit, da es der Form (der Gesinnung) nach selbst das des Selbstmordes noch zu übergehen scheint, ist dabei nicht erklärt. Es sei denn, daß, da die trotzige Wegwerfung seiner selbst im letzteren, als einer Lebenslast, wenigstens nicht eine weichliche Hingebung an thierische Reize ist, sondern Muth erfordert, wo immer noch Achtung für die Menschheit in seiner eigenen Person Platz findet, jene, welche sich gänzlich der thierischen Neigung überläßt, den Menschen zu genießbaren, aber hierin doch zugleich naturwidrigen Sache, d. i. zum ekelhaften Gegenstande, macht und so aller Achtung für sich selbst beraubt.",
4.1036,"Autonomie des Willens ist die Beschaffenheit des Willens, dadurch derselbe ihm selbst (unabhängig von aller Beschaffenheit der Gegenstände des Wollens) ein Gesetz ist. Das Princip der Autonomie ist also: nicht anders zu wählen als so, daß die Maximen seiner Wahl in demselben Wollen zugleich als allgemeines Gesetz mit Begriffen seien. Daß diese praktische Regel ein Imperativ sei, d. i. der Wille jedes vernünftigen Wesens an sie als Bedingung nothwendig gebunden sei, kann durch bloße Zergliederung der in ihm vorkommenden Begriffe nicht bewiesen werden, weil es ein synthetischer Satz ist; man müßte über die Erkenntniß der Objecte und zu einer Kritik des Subjects, d. i. der reinen praktischen Vernunft, hinausgehen, denn völlig a priori muß dieser synthetische Satz, der apodiktisch gebietet, erkannt werden können, dieses Geschäft aber gehört nicht in gegenwärtigen Abschnitt. Allein daß gedachtes Princip der Autonomie das alleinige Princip der Moral sei, läßt sich durch bloße Zergliederung der Begriffe der Sittlichkeit gar wohl darthun. Denn dadurch findet sich, daß ihr Princip ein kategorischer Imperativ sein müsse, dieser aber nichts mehr oder weniger als gerade diese Autonomie gebiete.",
6.827,"Denn Maximen der Handlungen können willkürlich sein und stehen nur unter der einschränkenden Bedingung der Habilität zu einer allgemeinen Gesetzgebung, als formalem Princip der Handlungen. Ein Gesetz aber hebt das Willkürliche der Handlungen auf und ist darin von aller Anpreisung (da blos die schicklichsten Mittel zu einem Zwecke zu wissen verlangt werden) unterschieden.",
6.1008,"Ein jeder Pflichtbegriff enthält objective Nöthigung durchs Gesetz (als moralischen, unsere Freiheit einschränkenden Imperativ) und gehört dem praktischen Verstande zu, der die Regel giebt; die innere Zurechnung aber einer That, als eines unter dem Gesetz stehenden Falles, ( in meritum aut demeritum ) gehört zur Urtheilskraft ( iudicium ), welche als das subjective Princip der Zurechnung der Handlung, ob sie als That (unter einem Gesetz stehende Handlung) geschehen sei oder nicht, rechtskräftig urtheilt; worauf denn der Schluß der Vernunft (die Sentenz), d. i. die Verknüpfung der rechtlichen Wirkung mit der Handlung (die Verurtheilung oder Lossprechung), folgt: welches alles vor Gericht ( coram iudicio ), als einer dem Gesetz Effect verschaffenden moralischen Person, Gerichtshof ( forum ) genannt, geschieht. - Das Bewußtsein eines inneren Gerichtshofes im Menschen ("" vor welchem sich seine Gedanken einander verklagen oder entschuldigen"") ist das Gewissen.",
6.1026,"Diese vermeinte Pflicht kann nun auf unpersönliche, oder zwar persönliche, aber schlechterdings unsichtbare (den äußeren Sinnen nicht darzustellende) Gegenstände bezogen werden. - Die erstere (außermenschliche) können der bloße Naturstoff, oder der zur Fortpflanzung organisirte, aber empfindungslose, oder der mit Empfindung und Willkür begabte Theil der Natur (Mineralien, Pflanzen, Thiere) sein: die zweite (übermenschliche) können als geistige Wesen (Engel, Gott) gedacht werden. - Ob zwischen Wesen beider Art und den Menschen ein Pflichtverhältniß und welches dazwischen statt finde, wird nun gefragt.",
7.69,"Hier ist nun ein wesentlicher, nie beizulegender gesetzwidriger Streit zwischen den obern und der untern Facultät, weil das Princip der Gesetzgebung für die ersteren, welches man der Regierung unterlegt, eine von ihr autorisirte Gesetzlosigkeit selbst sein würde.- Denn da Neigung und überhaupt das, was jemand seiner Privatabsicht zuträglich findet, sich schlechterdings nicht zu einem Gesetze qualificirt, mithin auch nicht als ein solches von den obern Facultäten vorgetragen werden kann, so würde eine Regierung, welche dergleichen sanctionirte, indem sie wider die Vernunft selbst verstößt, jene obere Facultäten mit der philosophischen in einen Streit versetzen, der gar nicht geduldet werden kann, indem er diese gänzlich vernichtet, welches freilich das kürzeste, aber auch (nach dem Ausdruck der Ärzte) ein in Todesgefahr bringendes heroisches Mittel ist, einen Streit zu Ende zu bringen.",
6.846,"Alle Pflichten enthalten einen Begriff der Nöthigung durch das Gesetz; die ethische eine solche, wozu nur eine innere, die Rechtspflichten dagegen eine solche Nöthigung, wozu auch eine äußere Gesetzgebung möglich ist; beide also eines Zwanges, er mag nun Selbstzwang oder Zwang durch einen Andern sein: da dann das moralische Vermögen des ersteren Tugend und die aus einer solchen Gesinnung (der Achtung fürs Gesetz) entspringende Handlung Tugendhandlung (ethisch) genannt werden kann, obgleich das Gesetz eine Rechtspflicht aussagt. Denn es ist die Tugendlehre, welche gebietet das Recht der Menschen heilig zu halten.",
6.807,"Der Tugend - + a ist die negative Untugend (moralische Schwäche) - 0 als logisches Gegentheil ( contradictorie oppositum ), das Laster aber - - a als Widerspiel ( contrarie s. realiter oppositum ) entgegen gesetzt, und es ist eine nicht blos unnöthige, sondern auch anstößige Frage: ob zu großen Verbrechen nicht etwa mehr Stärke der Seele als selbst zu großen Tugenden gehöre. Denn unter Stärke der Seele verstehen wir die Stärke des Vorsatzes eines Menschen, als mit Freiheit begabten Wesens, mithin so fern er seiner selbst mächtig (bei Sinnen) ist, also im gesunden Zustande des Menschen. Große Verbrechen aber sind Paroxysmen, deren Anblick den an Seele gesunden Menschen schaudern macht. Die Frage würde also etwa dahin auslaufen: ob ein Mensch im Anfall einer Raserei mehr physische Stärke haben könne, als wenn er bei Sinnen ist; welches man einräumen kann, ohne ihm darum mehr Seelenstärke beizulegen, wenn man unter Seele das Lebensprincip des Menschen im freien Gebrauch seiner Kräfte versteht. Denn weil jene blos in der Macht der die Vernunft schwächenden Neigungen ihren Grund haben, welches keine Seelenstärke beweiset, so würde diese Frage mit der ziemlich auf einerlei hinauslaufen: ob ein Mensch im Anfall einer Krankheit mehr Stärke als im gesunden Zustande beweisen könne, welche geradezu verneinend beantwortet werden kann, weil der Mangel der Gesundheit, die im Gleichgewicht aller körperlichen Kräfte des Menschen besteht, eine Schwächung im System dieser Kräfte ist, nach welchem man allein die absolute Gesundheit beurtheilen kann.",
6.1047,"Diese Pflicht gegen sich selbst ist eine der Qualität nach enge und vollkommene, obgleich dem Grade nach weite und unvollkommene Pflicht und das wegen der Gebrechlichkeit ( fragilitas ) der menschlichen Natur.",
6.1042,"Die Pflicht des Menschen gegen sich selbst in Ansehung seiner physischen Vollkommenheit ist aber nur weite und unvollkommene Pflicht: weil sie zwar ein Gesetz für die Maxime der Handlungen enthält, in Ansehung der Handlungen selbst aber ihrer Art und ihrem Grade nach nichts bestimmt, sondern der freien Willkür einen Spielraum verstattet.",
4.1035,Die Autonomie des Willens als oberstes Princip der Sittlichkeit.,
5.35,"Alle materiale praktische Principien sind, als solche, insgesammt von einer und derselben Art und gehören unter das allgemeine Princip der Selbstliebe oder eigenen Glückseligkeit.",
6.794,"Nun ist das Vermögen und der überlegte Vorsatz einem starken, aber ungerechten Gegner Widerstand zu thun die Tapferkeit ( fortitudo ) und in Ansehung des Gegners der sittlichen Gesinnung in uns Tugend ( virtus, fortitudo moralis ). Also ist die allgemeine Pflichtenlehre in dem Theil, der nicht die äußere Freiheit, sondern die innere unter Gesetze bringt, eine Tugendlehre.",
6.1050,Also sind alle Pflichten gegen sich selbst in Ansehung des Zwecks der Menschheit in unserer eigenen Person nur unvollkommene Pflichten.,
4.1071,"Alle Menschen denken sich dem Willen nach als frei. Daher kommen alle Urtheile über Handlungen als solche, die hätten geschehen sollen, ob sie gleich nicht geschehen sind. Gleichwohl ist diese Freiheit kein Erfahrungsbegriff und kann es auch nicht sein, weil er immer bleibt, obgleich die Erfahrung das Gegentheil von denjenigen Forderungen zeigt, die unter Voraussetzung derselben als nothwendig vorgestellt werden. Auf der anderen Seite ist es eben so nothwendig, daß alles, was geschieht, nach Naturgesetzen unausbleiblich bestimmt sei, und diese Naturnothwendigkeit ist auch kein Erfahrungsbegriff, eben darum weil er den Begriff der Nothwendigkeit, mithin einer Erkenntniß a priori bei sich führt. Aber dieser Begriff von einer Natur wird durch Erfahrung bestätigt und muß selbst unvermeidlich vorausgesetzt werden, wenn Erfahrung, d. i. nach allgemeinen Gesetzen zusammenhängende Erkenntniß der Gegenstände der Sinne, möglich sein soll. Daher ist Freiheit nur eine Idee der Vernunft, deren objective Realität an sich zweifelhaft ist, Natur aber ein Verstandesbegriff, der seine Realität an Beispielen der Erfahrung beweiset und nothwendig beweisen muß.",
4.1080,"Denn wir können nichts erklären, als was wir auf Gesetze zurückführen können, deren Gegenstand in irgend einer möglichen Erfahrung gegeben werden kann. Freiheit aber ist eine bloße Idee, deren objective Realität auf keine Weise nach Naturgesetzen, mithin auch nicht in irgend einer möglichen Erfahrung dargethan werden kann, die also darum, weil ihr selbst niemals nach irgend einer Analogie ein Beispiel untergelegt werden mag, niemals begriffen, oder auch nur eingesehen werden kann. Sie gilt nur als nothwendige Voraussetzung der Vernunft in einem Wesen, das sich eines Willens, d. i. eines vom bloßen Begehrungsvermögen noch verschiedenen Vermögens, (nämlich sich zum Handeln als Intelligenz, mithin nach Gesetzen der Vernunft unabhängig von Naturinstincten zu bestimmen) bewußt zu sein glaubt. Wo aber Bestimmung nach Naturgesetzen aufhört, da hört auch alle Erklärung auf, und es bleibt nichts übrig als Vertheidigung, d. i. Abtreibung der Einwürfe derer, die tiefer in das Wesen der Dinge geschaut zu haben vorgeben und darum die Freiheit dreust für unmöglich erklären. Man kann ihnen nur zeigen, daß der vermeintlich von ihnen darin entdeckte Widerspruch nirgend anders liege als darin, daß, da sie, um das Naturgesetz in Ansehung menschlicher Handlungen geltend zu machen, den Menschen nothwendig als Erscheinung betrachten mußten und nun, da man von ihnen fordert, daß sie ihn als Intelligenz auch als Ding an sich selbst denken sollten, sie ihn immer auch da noch als Erscheinung betrachten, wo denn freilich die Absonderung seiner Causalität (d. i. seines Willens) von allen Naturgesetzen der Sinnenwelt in einem und demselben Subjecte im Widerspruche stehen würde, welcher aber wegfällt, wenn sie sich besinnen und wie billig eingestehen wollten, daß hinter den Erscheinungen doch die Sachen an sich selbst (obzwar verborgen) zum Grunde liegen müssen, von deren Wirkungsgesetzen man nicht verlangen kann, daß sie mit denen einerlei sein sollten, unter denen ihre Erscheinungen stehen.",
6.398,"Von der Eintheilung der Moral, als eines Systems der Pflichten überhaupt.",
6.348,"Das Recht ist also der Inbegriff der Bedingungen, unter denen die Willkür des einen mit der Willkür des andern nach einem allgemeinen Gesetze der Freiheit zusammen vereinigt werden kann.",
4.1047,Der Begriff der Freiheit ist der Schlüssel zur Erklärung der Autonomie des Willens.,
6.882,2) Tugend ist die Beobachtung der Mittelstraße zwischen entgegengesetzten Lastern.,
7.592,"§ 70. Gesittet, wohlanständig, manierlich, geschliffen (mit Abstoßung der Rauhigkeit) zu sein, ist doch nur die negative Bedingung des Geschmacks. Die Vorstellung dieser Eigenschaften in der Einbildungskraft kann eine äußerlich intuitive Vorstellungsart eines Gegenstandes oder seiner eigenen Person mit Geschmack sein, aber nur für zwei Sinne, für das Gehör und Gesicht. Musik und bildende Kunst (Malerei, Bildhauer-, Bau- und Gartenkunst) machen Ansprüche auf Geschmack als Empfänglichkeit eines Gefühls der Lust für die bloßen Formen äußerer Anschauung, erstere in Ansehung des Gehörs, die andere des Gesichts. Dagegen enthält die discursive Vorstellungsart durch laute Sprache oder durch Schrift zwei Künste, darin der Geschmack sich zeigen kann: die Beredsamkeit und Dichtkunst.",
2.280,"1. Sie betrachtet alle Vollkommenheit, Harmonie und Schönheit der Natur als zufällig und als eine Anordnung durch Weisheit, da doch viele derselben mit nothwendiger Einheit aus den wesentlichsten Regeln der Natur abfließen. Das, was der Absicht der Physikotheologie hiebei am schädlichsten ist, besteht darin, daß sie diese Zufälligkeit der Naturvollkommenheit als höchstnöthig zum Beweise eines weisen Urhebers ansieht, daher alle nothwendige Wohlgereimtheiten der Dinge der Welt bei dieser Voraussetzung gefährliche Einwürfe werden.",
9.2433,"Die Tugenden sind entweder Tugenden des Verdienstes, oder blos der Schuldigkeit, oder der Unschuld. Zu den erstern gehört Großmuth (in Selbstüberwindung sowohl der Rache, als der Gemächlichkeit und der Habsucht), Wohlthätigkeit, Selbstbeherrschung; zu den zweiten Redlichkeit, Anständigkeit und Friedfertigkeit; zu den dritten endlich Ehrlichkeit, Sittsamkeit und Genügsamkeit.",
5.538,"Einfalt (kunstlose Zweckmäßigkeit) ist gleichsam der Stil der Natur im Erhabenen und so auch der Sittlichkeit, welche eine zweite (übersinnliche) Natur ist, wovon wir nur die Gesetze kennen, ohne das übersinnliche Vermögen in uns selbst, was den Grund dieser Gesetzgebung enthält, durch Anschauen erreichen zu können.",
3.974,"Das höchste Wesen bleibt also für den bloß speculativen Gebrauch der Vernunft ein bloßes, aber doch fehlerfreies Ideal, ein Begriff welcher die ganze menschliche Erkenntniß schließt und krönt, dessen objective Realität auf diesem Wege zwar nicht bewiesen, aber auch nicht widerlegt werden kann; und wenn es eine Moraltheologie geben sollte, die diesen Mangel ergänzen kann, so beweiset alsdann die vorher nur problematische transscendentale Theologie ihre Unentbehrlichkeit durch Bestimmung ihres Begriffs und unaufhörliche Censur einer durch Sinnlichkeit oft genug getäuschten und mit ihren eigenen Ideen nicht immer einstimmigen Vernunft. Die Nothwendigkeit, die Unendlichkeit, die Einheit, das Dasein außer der Welt (nicht als Weltseele), die Ewigkeit ohne Bedingungen der Zeit, die Allgegenwart ohne Bedingungen des Raumes, die Allmacht etc. sind lauter transscendentale Prädicate, und daher kann der gereinigte Begriff derselben, den eine jede Theologie so sehr nöthig hat, bloß aus der transscendentalen gezogen werden.",
2.566,"Vierte Betrachtung. Von der Deutlichkeit und Gewißheit, deren die erste Gründe der natürlichen Gottesgelahrtheit und Moral fähig sind.",
2.313,"Fünftens. Am mehrsten enthält die Methode über die vollkommene Anstalten der Natur zu urtheilen den Geist wahrer Weltweisheit, wenn sie, jederzeit bereit, auch übernatürliche Begebenheiten zuzulassen, imgleichen die wahrhaftig künstliche Anordnungen der Natur nicht zu verkennen, hauptsächlich die Abzielung auf Vortheile und alle Wohlgereimtheit sich nicht hindern läßt, die Gründe davon in nothwendigen allgemeinen Gesetzen aufzusuchen, mit großer Achtsamkeit auf die Erhaltung der Einheit und mit einer vernünftigen Abneigung, die Zahl der Naturursachen um derentwillen zu vervielfältigen. Wenn hiezu noch die Aufmerksamkeit auf die allgemeine Regeln gefügt wird, welche den Grund der nothwendigen Verbindung desjenigen, was natürlicher Weise ohne besondere Anstalt vorgeht, mit den Regeln des Vortheils oder der Annehmlichkeit vernünftiger Wesen können begreiflich machen, und man alsdann zu dem göttlichen Urheber hinauf steigt, so erfüllt diese physischtheologische Art zu urtheilen ihre Pflichten gehörig. *)",
5.414,"Rührung, eine Empfindung, wo Annehmlichkeit nur vermittelst augenblicklicher Hemmung und darauf erfolgender stärkerer Ergießung der Lebenskraft gewirkt wird, gehört gar nicht zur Schönheit. Erhabenheit (mit welcher das Gefühl der Rührung verbunden ist) aber erfordert einen andern Maßstab der Beurtheilung, als der Geschmack sich zum Grunde legt; und so hat ein reines Geschmacksurtheil weder Reiz noch Rührung, mit einem Worte keine Empfindung, als Materie des ästhetischen Urtheils, zum Bestimmungsgrunde.",
7.583,"Er ist also ein Vermögen der gesellschaftlichen Beurtheilung äußerer Gegenstände in der Einbildungskraft. - Hier fühlt das Gemüth seine Freiheit im Spiele der Einbildungen (also der Sinnlichkeit); denn die Socialität mit andern Menschen setzt Freiheit voraus, - und dieses Gefühl ist Lust. - Aber die Allgemeingültigkeit dieser Lust für jedermann, durch welche die Wahl mit Geschmack (des Schönen) sich von der Wahl durch bloße Sinnenempfindung (des blos subjectiv Gefallenden), d. i. des Angenehmen, unterscheidet, führt den Begriff eines Gesetzes bei sich; denn nur nach diesem kann die Gültigkeit des Wohlgefallens für den Beurtheilenden allgemein sein. Das Vermögen der Vorstellung des Allgemeinen aber ist der Verstand. Also ist das Geschmacksurtheil sowohl ein ästhetisches, als ein Verstandesurtheil, aber in beider Vereinigung (mithin das letztere nicht als rein) gedacht. - Die Beurtheilung eines Gegenstandes durch Geschmack ist ein Urtheil über die Einstimmung oder den Widerstreit der Freiheit im Spiele der Einbildungskraft und der Gesetzmäßigkeit des Verstandes und geht also nur die Form (diese Vereinbarkeit der Sinnenvorstellungen) ästhetisch zu beurtheilen, nicht Producte, in welchen jene wahrgenommen wird, hervorzubringen an; denn das wäre Genie, dessen aufbrausende Lebhaftigkeit durch die Sittsamkeit des Geschmacks gemäßigt und eingeschränkt zu werden oft bedarf.",
6.1072,"Eintheilung der Liebespflichten. Sie sind: A) Pflichten der Wohlthätigkeit, B) der Dankbarkeit, C) der Theilnehmung.",
6.767,"Religion (in der Erscheinung), als Glaube an die Satzungen der Kirche und die Macht der Priester als Aristokraten einer solchen Verfassung, oder auch, wenn diese monarchisch (päpstlich) ist, kann von keiner staatsbürgerlichen Gewalt dem Volke weder aufgedrungen, noch genommen werden, noch auch (wie es wohl in Großbritannien mit der irländischen Nation gehalten wird) der Staatsbürger wegen einer von des Hofes seiner unterschiedenen Religion von den Staatsdiensten und den Vortheilen, die ihm dadurch erwachsen, ausgeschlossen werden.",
7.92,"III. Das Thun muß als aus des Menschen eigenem Gebrauch seiner moralischen Kräfte entspringend und nicht als Wirkung vom Einfluß einer äußeren höheren wirkenden Ursache, in Ansehung deren der Mensch sich leidend verhielte, vorgestellt werden; die Auslegung der Schriftstellen welche buchstäblich das letztere zu enthalten scheinen, muß also auf die Übereinstimmung mit dem ersteren Grundsatze absichtlich gerichtet werden.",
4.1310,"Die Benennung der Trägheitskraft ( vis inertiae ) muß also unerachtet des berühmten Namens ihres Urhebers aus der Naturwissenschaft gänzlich weggeschafft werden, nicht allein weil sie einen Widerspruch im Ausdrucke selbst bei sich führt, oder auch deswegen weil das Gesetz der Trägheit (Leblosigkeit) dadurch leicht mit dem Gesetze der Gegenwirkung in jeder mitgetheilten Bewegung verwechselt werden könnte, sondern vornehmlich weil dadurch die irrige Vorstellung derer, die der mechanischen Gesetze nicht recht kundig sind, erhalten und bestärkt wird, nach welcher die Gegenwirkung der Körper, von der unter dem Namen der Trägheitskraft die Rede ist, darin bestehe, daß die Bewegung dadurch in der Welt aufgezehrt, vermindert oder vertilgt, nicht aber die bloße Mittheilung derselben dadurch bewirkt werde, indem nämlich der bewegende Körper einen Theil seiner Bewegung blos dazu aufwenden müßte, um die Trägheit des ruhenden zu überwinden (welches denn reiner Verlust wäre), mit dem übrigen Theile allein könne er den letzteren in Bewegung setzen; bliebe ihm aber nichts übrig, so würde er durch seinen Sto den letzteren seiner großen Masse wegen gar nicht in Bewegung bringen. Einer Bewegung kann nichts widerstehen, als entgegengesetzte Bewegung eines anderen, keinesweges aber dessen Ruhe. Hier ist also nicht Trägheit der Materie, d. i. bloßes Unvermögen sich von selbst zu bewegen, die Ursache eines Widerstandes. Eine besondere, ganz eigenthümliche Kraft, blos um zu widerstehen, ohne einen Körper bewegen zu können, wäre unter dem Namen einer Trägheitskraft ein Wort ohne alle Bedeutung. Man könnte also die drei Gesetze der allgemeinen Mechanik schicklicher so benennen: das Gesetz der Selbstständigkeit, der Trägheit und der Gegenwirkung der Materien ( lex Subsistentiae, Inertiae et Antagonismi ) bei allen ihren Veränderungen derselben. Daß diese, mithin die gesammten Lehrsätze gegenwärtiger Wissenschaft den Kategorien der Substanz, der Causalität und der Gemeinschaft, so fern diese Begriffe auf Materie angewandt werden, genau antworten, bedarf keiner weiteren Erörterung.",
5.690,"Etwas aus beiden Zusammengesetztes findet sich in der Naivität, die der Ausbruch der der Menschheit ursprünglich natürlichen Aufrichtigkeit wider die zur andern Natur gewordene Verstellungskunst ist. Man lacht über die Einfalt, die es noch nicht versteht sich zu verstellen; und erfreut sich doch auch über die Einfalt der Natur, die jener Kunst hier einen Querstrich spielt. Man erwartete die alltägliche Sitte der gekünstelten und auf den schönen Schein vorsichtig angelegten Äußerung; und siehe! Es ist die unverdorbne, schuldlose Natur, die man anzutreffen gar nicht gewärtig und die der, welcher sie blicken ließ, zu entblößen auch nicht gemeint war. Daß der schöne, aber falsche Schein, der gewöhnlich in unserm Urtheile sehr viel bedeutet, hier plötzlich in Nichts verwandelt, daß gleichsam der Schalk in uns selbst bloßgestellt wird, bringt die Bewegung des Gemüths nach zwei entgegengesetzten Richtungen nach einander hervor, die zugleich den Körper heilsam schüttelt. Daß aber etwas, was unendlich besser als alle angenommene Sitte ist, die Lauterkeit der Denkungsart (wenigstens die Anlage dazu), doch nicht ganz in der menschlichen Natur erloschen ist, mischt Ernst und Hochschätzung in dieses Spiel der Urtheilskraft. Weil es aber nur eine auf kurze Zeit sich hervorthuende Erscheinung ist, und die Decke der Verstellungskunst bald wieder vorgezogen wird: so mengt sich zugleich ein Bedauren darunter, welches eine Rührung der Zärtlichkeit ist, die sich als Spiel mit einem solchen gutherzigen Lachen sehr wohl verbinden läßt und auch wirklich damit gewöhnlich verbindet, zugleich auch demjenigen, der den Stoff dazu hergiebt, die Verlegenheit darüber, daß er noch nicht nach Menschenweise gewitzigt ist, zu vergüten pflegt. - Eine Kunst, naiv zu sein, ist daher ein Widerspruch; allein die Naivität in einer erdichteten Person vorzustellen, ist wohl möglich und schöne, obzwar auch seltene Kunst. Mit der Naivität muß offenherzige Einfalt, welche die Natur nur darum nicht verkünstelt, weil sie sich darauf nicht versteht, was Kunst des Umganges sei, nicht verwechselt werden.",
9.477,"3. Das Verhältniß zu treffen zwischen der Vorstellung in abstracto und in concreto in derselben Erkenntniß, also der Begriffe und ihrer Darstellung, wodurch das Maximum der Erkenntniß, dem Umfange sowohl als dem Inhalte nach, erreicht wird, darin besteht die Kunst der Popularität.",
4.17,"So viel von der Vollständigkeit in Erreichung eines jeden und der Ausführlichkeit in Erreichung aller Zwecke zusammen, die nicht ein beliebiger Vorsatz, sondern die Natur der Erkenntniß selbst uns aufgiebt, als der Materie unserer kritischen Untersuchung.",
8.527,"Das, was diese Gewähr (Garantie) leistet, ist nichts Geringeres, als die große Künstlerin Natur ( natura daedala rerum ), aus deren mechanischem Laufe sichtbarlich Zweckmäßigkeit hervorleuchtet, durch die Zwietracht der Menschen Eintracht selbst wider ihren Willen emporkommen zu lassen, und darum, gleich als Nöthigung einer ihren Wirkungsgesetzen nach uns unbekannten Ursache, Schicksal, bei Erwägung aber ihrer Zweckmäßigkeit im Laufe der Welt, als tiefliegende Weisheit einer höheren, auf den objectiven Endzweck des menschlichen Geschlechts gerichteten und diesen Weltlauf prädeterminirenden Ursache Vorsehung *) genannt wird, die wir zwar eigentlich nicht an diesen Kunstanstalten der Natur erkennen, oder auch nur daraus auf sie schließen, sondern (wie in aller Beziehung der Form der Dinge auf Zwecke überhaupt) nur hinzudenken können und müssen, um uns von ihrer Möglichkeit nach der Analogie menschlicher Kunsthandlungen einen Begriff zu machen, deren Verhältniß und Zusammenstimmung aber zu dem Zwecke, den uns die Vernunft unmittelbar vorschreibt, (dem moralischen) sich vorzustellen, eine Idee ist, die zwar in theoretischer Absicht überschwenglich, in praktischer aber (z. B. in Ansehung des Pflichtbegriffs vom ewigen Frieden, um jenen Mechanism der Natur dazu zu benutzen) dogmatisch und ihrer Realität nach wohl gegründet ist. - Der Gebrauch des Worts Natur ist auch, wenn es wie hier bloß um Theorie (nicht um Religion) zu thun ist, schicklicher für die Schranken der menschlichen Vernunft (als die sich in Ansehung des Verhältnisses der Wirkungen zu ihren Ursachen innerhalb den Grenzen möglicher Erfahrung halten muß) und bescheidener, als der Ausdruck einer für uns erkennbaren Vorsehung, mit dem man sich vermessenerweise ikarische Flügel ansetzt, um dem Geheimniß ihrer unergründlichen Absicht näher zu kommen.",
3.955,"Der Schluß geht also von der in der Welt so durchgängig zu beobachtenden Ordnung und Zweckmäßigkeit, als einer durchaus zufälligen Einrichtung, auf das Dasein einer ihr proportionirten Ursache. Der Begriff dieser Ursache aber muß uns etwas ganz Bestimmtes von ihr zu erkennen geben, und er kann also kein anderer sein, als der von einem Wesen, das alle Macht, Weisheit etc., mit einem Worte alle Vollkommenheit als ein allgenugsames Wesen besitzt. Denn die Prädicate von sehr großer, von erstaunlicher, von unermeßlicher Macht und Trefflichkeit geben gar keinen bestimmten Begriff und sagen eigentlich nicht, was das Ding an sich selbst sei, sondern sind nur Verhältnißvorstellungen von der Größe des Gegenstandes, den der Beobachter (der Welt) mit sich selbst und seiner Fassungskraft vergleicht, und die gleich hochureisend ausfallen, man mag den Gegenstand vergrößern, oder das beobachtende Subject in Verhältniß auf ihn kleiner machen. Wo es auf Größe (der Vollkommenheit) eines Dinges überhaupt ankommt, da giebt es keinen bestimmten Begriff als den, so die ganze mögliche Vollkommenheit begreift, und nur das All ( omnitudo ) der Realität ist im Begriffe durchgängig bestimmt.",
4.117,"Diese Analytik ist die Zergliederung unseres gesammten Erkenntnisses a priori in die Elemente der reinen Verstandeserkenntniß. Es kommt hiebei auf folgende Stücke an: 1. Daß die Begriffe reine und nicht empirische Begriffe seien; 2. daß sie nicht zur Anschauung und zur Sinnlichkeit, sondern zum Denken und Verstande gehören; 3. daß sie Elementarbegriffe seien und von den abgeleiteten oder daraus zusammengesetzten wohl unterschieden werden; 4. daß ihre Tafel vollständig sei, und sie das ganze Feld des reinen Verstandes gänzlich ausfüllen. Nun kann diese Vollständigkeit einer Wissenschaft nicht auf den Überschlag eines blos durch Versuche zu Stande gebrachten Aggregats mit Zuverlässigkeit angenommen werden; daher ist sie nur vermittelst einer Idee des Ganzen der Verstandeserkenntniß a priori und durch die daraus bestimmte Abtheilung der Begriffe, welche sie ausmachen, mithin nur durch ihren Zusammenhang in einem System möglich. Der reine Verstand sondert sich nicht allein von allem Empirischen, sondern sogar von aller Sinnlichkeit völlig aus. Er ist also eine für sich selbst beständige, sich selbst gnugsame und durch keine äußerlich hinzukommende Zusätze zu vermehrende Einheit. Daher wird der Inbegriff seiner Erkenntniß ein unter einer Idee zu befassendes und zu bestimmendes System ausmachen, dessen Vollständigkeit und Articulation zugleich einen Probirstein der Richtigkeit und Ächtheit aller hineinpassenden Erkenntnißstücke abgeben kann. Es besteht aber dieser ganze Theil der transscendentalen Logik aus zwei Büchern, deren das eine die Begriffe, das andere die Grundsätze des reinen Verstandes enthält.",
4.1029,"2) eine Materie, nämlich einen Zweck, und daß sagt die Formel: da das vernünftige Wesen als Zweck seiner Natur nach, mithin als Zweck an sich selbst jeder Maxime zur einschränkenden Bedingung aller bloß relativen und willkürlichen Zwecke dienen müsse;",
3.1177,"Glückseligkeit also in dem genauen Ebenmaße mit der Sittlichkeit der vernünftigen Wesen, dadurch sie derselben würdig sind, macht allein das höchste Gut einer Welt aus, darin wir uns nach den Vorschriften der reinen, aber praktischen Vernunft durchaus versetzen müssen, und welche freilich nur eine intelligibele Welt ist, da die Sinnenwelt uns von der Natur der Dinge dergleichen systematische Einheit der Zwecke nicht verheißt, deren Realität auch auf nichts andres gegründet werden kann, als auf die Voraussetzung eines höchsten ursprünglichen Guts, da selbstständige Vernunft, mit aller Zulänglichkeit einer obersten Ursache ausgerüstet, nach der vollkommensten Zweckmäßigkeit die allgemeine, obgleich in der Sinnenwelt uns sehr verborgene Ordnung der Dinge gründet, erhält und vollführt.",
5.487,"Weil alles, was der bloß reflectirenden Urtheilskraft ohne Interesse gefallen soll, in seiner Vorstellung subjective und als solche allgemein-gültige Zweckmäßigkeit bei sich führen muß, gleichwohl aber hier keine Zweckmäßigkeit der Form des Gegenstandes (wie beim Schönen) der Beurtheilung zum Grunde liegt, so fragt sich: welches ist diese subjective Zweckmäßigkeit? und wodurch wird sie als Norm vorgeschrieben, um in der bloßen Größenschätzung und zwar der, welche gar bis zur Unangemessenheit unseres Vermögens der Einbildungskraft in Darstellung des Begriffs von einer Größe getrieben worden, einen Grund zum allgemein gültigen Wohlgefallen abzugeben?",
5.837,"Andererseits will Spinoza uns aller Nachfrage nach dem Grunde der Möglichkeit der Zwecke der Natur dadurch überheben und dieser Idee alle Realität nehmen, daß er sie überhaupt nicht für Producte, sondern für einem Urwesen inhärirende Accidenzen gelten läßt und diesem Wesen, als Substrat jener Naturdinge, in Ansehung derselben nicht Causalität, sondern bloß Subsistenz beilegt und (wegen der unbedingten Nothwendigkeit desselben sammt allen Naturdingen, als ihm inhärirenden Accidenzen) den Naturformen zwar die Einheit des Grundes, die zu aller Zweckmäßigkeit erforderlich ist, sichert, aber zugleich die Zufälligkeit derselben, ohne die keine Zweckeinheit gedacht werden kann, entreißt und mit ihr alles Absichtliche, so wie dem Urgrunde der Naturdinge allen Verstand wegnimmt.",
5.585,"Das Wohlgefallen an einer Handlung um ihrer moralischen Beschaffenheit willen ist dagegen keine Lust des Genusses, sondern der Selbstthätigkeit und deren Gemäßheit mit der Idee seiner Bestimmung. Dieses Gefühl, welches das sittliche heißt, erfordert aber Begriffe und stellt keine freie, sondern gesetzliche Zweckmäßigkeit dar, läßt sich also auch nicht anders als vermittelst der Vernunft und, soll die Lust bei jedermann gleichartig sein, durch sehr bestimmte praktische Vernunftbegriffe allgemein mittheilen.",
6.1158,"Diese (blos moralische Freundschaft) ist kein Ideal, sondern (der schwarze Schwan) existirt wirklich hin und wieder in seiner Vollkommenheit; jene aber mit den Zwecken anderer Menschen sich, obzwar aus Liebe, belästigende (pragmatische) kann weder die Lauterkeit, noch die verlangte Vollständigkeit haben, die zu einer genau bestimmenden Maxime erforderlich ist, und ist ein Ideal des Wunsches, das im Vernunftbegriffe keine Grenzen kennt, in der Erfahrung aber doch immer sehr begrenzt werden muß.",
6.295,"Unter dem Willen kann die Willkür, aber auch der bloße Wunsch enthalten sein, sofern die Vernunft das Begehrungsvermögen überhaupt bestimmen kann. Die Willkür, die durch reine Vernunft bestimmt werden kann, heißt die freie Willkür. Die, welche nur durch Neigung (sinnlichen Antrieb, stimulus ) bestimmbar ist, würde thierische Willkür ( arbitrium brutum ) sein. Die menschliche Willkür ist dagegen eine solche, welche durch Antriebe zwar afficirt, aber nicht bestimmt wird, und ist also für sich (ohne erworbene Fertigkeit der Vernunft) nicht rein, kann aber doch zu Handlungen aus reinem Willen bestimmt werden. Die Freiheit der Willkür ist jene Unabhängigkeit ihrer Bestimmung durch sinnliche Antriebe; dies ist der negative Begriff derselben. Der positive ist: das Vermögen der reinen Vernunft für sich selbst praktisch zu sein. Dieses ist aber nicht anders möglich, als durch die Unterwerfung der Maxime einer jeden Handlung unter die Bedingung der Tauglichkeit der erstern zum allgemeinen Gesetze. Denn als reine Vernunft, auf die Willkür unangesehen dieser ihres Objects angewandt, kann sie als Vermögen der Principien (und hier praktischer Principien, mithin als gesetzgebendes Vermögen), da ihr die Materie des Gesetzes abgeht, nichts mehr als die Form der Tauglichkeit der Maxime der Willkür zum allgemeinen Gesetze selbst zum obersten Gesetze und Bestimmungsgrunde der Willkür machen und, da die Maximen des Menschen aus subjectiven Ursachen mit jenen objectiven nicht von selbst übereinstimmen, dieses Gesetz nur schlechthin als Imperativ des Verbots oder Gebots vorschreiben.",
7.177,"Die Idee einer mit dem natürlichen Rechte der Menschen zusammenstimmenden Constitution: daß nämlich die dem Gesetz Gehorchenden auch zugleich, vereinigt, gesetzgebend sein sollen, liegt bei allen Staatsformen zum Grunde, und das gemeine Wesen, welches, ihr gemäß durch reine Vernunftbegriffe gedacht, ein platonisches Ideal heißt ( respublica noumenon ), ist nicht ein leeres Hirngespinnst, sondern die ewige Norm für alle bürgerliche Verfassung überhaupt und entfernt allen Krieg. Eine dieser gemäß organisirte bürgerliche Gesellschaft ist die Darstellung derselben nach Freiheitsgesetzen durch ein Beispiel in der Erfahrung ( respublica phaenomenon ) und kann nur nach mannigfaltigen Befehdungen und Kriegen mühsam erworben werden; ihre Verfassung aber, wenn sie im Großen einmal errungen worden, qualificirt sich zur besten unter allen, um den Krieg, den Zerstörer alles Guten, entfernt zu halten; mithin ist es Pflicht in eine solche einzutreten, vorläufig aber (weil jenes nicht so bald zu Stande kommt) Pflicht der Monarchen, ob sie gleich autokratisch herrschen, dennoch republicanisch (nicht demokratisch) zu regieren, d. i. das Volk nach Principien zu behandeln, die dem Geist der Freiheitsgesetze (wie ein Volk mit reifer Vernunft sie sich selbst vorschreiben würde) gemäß sind, wenn gleich dem Buchstaben nach es um seine Einwilligung nicht befragt würde.",
6.621,"Der Inbegriff der Gesetze, die einer allgemeinen Bekanntmachung bedürfen, um einen rechtlichen Zustand hervorzubringen, ist das öffentliche Recht. - Dieses ist also ein System von Gesetzen für ein Volk, d. i. eine Menge von Menschen, oder für eine Menge von Völkern, die, im wechselseitigen Einflusse gegen einander stehend, des rechtlichen Zustandes unter einem sie vereinigenden Willen, einer Verfassung ( constitutio ), bedürfen, um dessen, was Rechtens ist, theilhaftig zu werden. - Dieser Zustand der Einzelnen im Volke in Verhältniß untereinander heißt der bürgerliche ( status civilis ) und das Ganze derselben in Beziehung auf seine eigene Glieder der Staat ( civitas ), welcher seiner Form wegen, als verbunden durch das gemeinsame Interesse Aller, im rechtlichen Zustande zu sein, das gemeine Wesen ( res publica latius sic dicta ) genannt wird, in Verhältniß aber auf andere Völker eine Macht ( potentia ) schlechthin heißt (daher das Wort Potentaten), was sich auch wegen (anmaßlich) angeerbter Vereinigung ein Stammvolk ( gens ) nennt und so unter dem allgemeinen Begriffe des öffentlichen Rechts nicht bloß das Staats-, sondern auch ein Völkerrecht ( ius gentium ) zu denken Anla giebt: welches dann, weil der Erdboden eine nicht gränzenlose, sondern sich selbst schließende Fläche ist, beides zusammen zu der Idee eines Völkerstaatsrechts ( ius gentium ) oder des Weltbürgerrechts ( ius cosmopoliticum ) unumgänglich hinleitet: so daß, wenn unter diesen drei möglichen Formen des rechtlichen Zustandes es nur einer an dem die äußere Freiheit durch Gesetze einschränkenden Princip fehlt, das Gebäude aller übrigen unvermeidlich untergraben werden und endlich einstürzen muß.",
8.206,"Weil gleichwohl die menschliche Vernunft immer noch nach Freiheit strebt: so muß, wenn sie einmal die Fesseln zerbricht, ihr erster Gebrauch einer lange entwöhnten Freiheit in Mißbrauch und vermessenes Zutrauen auf Unabhängigkeit ihres Vermögens von aller Einschränkung ausarten, in eine Überredung von der Alleinherrschaft der speculativen Vernunft, die nichts annimmt, als was sich durch objective Gründe und dogmatische Überzeugung rechtfertigen kann, alles übrige aber kühn wegläugnet. Die Maxime der Unabhängigkeit der Vernunft von ihrem eigenen Bedürfniß (Verzichtthuung auf Vernunftglauben) heißt nun Unglaube: nicht ein historischer; denn den kann man sich gar nicht als vorsetzlich, mithin auch nicht als zurechnungsfähig denken (weil jeder einem Factum, welches nur hinreichend bewährt ist, eben so gut als einer mathematischen Demonstration glauben muß, er mag wollen oder nicht); sondern ein Vernunftunglaube, ein mißlicher Zustand des menschlichen Gemüths, der den moralischen Gesetzen zuerst alle Kraft der Triebfedern auf das Herz, mit der Zeit sogar ihnen selbst alle Autorität benimmt und die Denkungsart veranlaßt, die man Freigeisterei nennt, d. i. den Grundsatz, gar keine Pflicht mehr zu erkennen. Hier mengt sich nun die Obrigkeit ins Spiel, damit nicht selbst bürgerliche Angelegenheiten in die größte Unordnung kommen; und da das behendeste und doch nachdrücklichste Mittel ihr gerade das beste ist, so hebt sie die Freiheit zu denken gar auf und unterwirft dieses gleich anderen Gewerben den Landesverordnungen. Und so zerstört Freiheit im Denken, wenn sie sogar unabhängig von Gesetzen der Vernunft verfahren will, endlich sich selbst. Freunde des Menschengeschlechts und dessen, was ihm am heiligsten ist! Nehmt an, was euch nach sorgfältiger und aufrichtiger Prüfung am glaubwürdigsten scheint, es mögen nun Facta, es mögen Vernunftgründe sein; nur streitet der Vernunft nicht das, was sie zum höchsten Gut auf Erden macht, nämlich das Vorrecht ab, der letzte Probirstein der Wahrheit *) zu sein. Widrigenfalls werdet ihr, dieser Freiheit unwürdig, sie auch sicherlich einbüßen und dieses Unglück noch dazu dem übrigen, schuldlosen Theile über den Hals ziehen, der sonst wohl gesinnt gewesen wäre, sich seiner Freiheit gesetzmäßig und dadurch auch zweckmäßig zum Weltbesten zu bedienen!",
3.694,"Es ist keine Freiheit, sondern alles in der Welt geschieht lediglich nach Gesetzen der Natur.",
6.355,§ E. Das stricte Recht kann auch als die Möglichkeit eines mit jedermanns Freiheit nach allgemeinen Gesetzen zusammenstimmenden durchgängigen wechselseitigen Zwanges vorgestellt werden.,
6.684,"Der Geschichtsurkunde dieses Mechanismus nachzuspüren, ist vergeblich, d. i. man kann zum Zeitpunkt des Anfangs der bürgerlichen Gesellschaft nicht herauslangen (denn die Wilden errichten kein Instrument ihrer Unterwerfung unter das Gesetz, und es ist auch schon aus der Natur roher Menschen abzunehmen, daß sie es mit der Gewalt angefangen haben werden). Diese Nachforschung aber in der Absicht anzustellen, um allenfalls die jetzt bestehende Verfassung mit Gewalt abzuändern, ist sträflich. Denn diese Umänderung müßte durchs Volk, welches sich dazu rottirte, also nicht durch die Gesetzgebung, geschehen; Meuterei aber in einer schon bestehenden Verfassung ist ein Umsturz aller bürgerlich-rechtlichen Verhältnisse, mithin alles Rechts, d. i. nicht Veränderung der bürgerlichen Verfassung, sondern Auflösung derselben, und dann der Übergang in die bessere nicht Metamorphose, sondern Palingenesie, welche einen neuen gesellschaftlichen Vertrag erfordert, auf den der vorige (nun aufgehobene) keinen Einfluß hat. - Es muß aber dem Souverän doch möglich sein, die bestehende Staatsverfassung zu ändern, wenn sie mit der Idee des ursprünglichen Vertrags nicht wohl vereinbar ist, und hiebei doch diejenige Form bestehen zu lassen, die dazu, daß das Volk einen Staat ausmache, wesentlich gehört. Diese Veränderung kann nun nicht darin bestehen, daß der Staat sich von einer dieser drei Formen zu einer der beiden anderen selbst constituirt, z. B. daß die Aristokraten einig werden, sich einer Autokratie zu unterwerfen, oder in eine Demokratie verschmelzen zu wollen, und so umgekehrt; gleich als ob es auf der freien Wahl und dem Belieben des Souveräns beruhe, welcher Verfassung er das Volk unterwerfen wolle. Denn selbst dann, wenn er sich zu einer Demokratie umzüandern beschlösse, würde er doch dem Volk unrecht thun können, weil es selbst diese Verfassung verabscheuen könnte und eine der zwei übrigen für sich zuträglicher fände.",
5.334,Gesammte Vermögen des Gemüths Erkenntnißvermögen Gefühl der Lust und Unlust Begehrungsvermögen Erkenntnißvermögen Verstand Urteilskraft Vernunft Principien a priori Gesetzmäßkeit Zweckmäßkeit Endzweck Anwendung auf Natur Kunst Freiheit.,
6.999,"Aus unserer aufrichtigen und genauen Vergleichung mit dem moralischen Gesetz (dessen Heiligkeit und Strenge) muß unvermeidlich wahre Demuth folgen: aber daraus, daß wir einer solchen inneren Gesetzgebung fähig sind, daß der (physische) Mensch den (moralischen) Menschen in seiner eigenen Person zu verehren sich gedrungen fühlt, zugleich Erhebung und die höchste Selbstschätzung, als Gefühl seines inneren Werths ( valor ), nach welchem er für keinen Preis ( pretium ) feil ist und eine unverlierbare Würde ( dignitas interna ) besitzt, die ihm Achtung ( reverentia ) gegen sich selbst einflößt.",
9.286,"Übrigens müssen wir hier die logische Wichtigkeit und Fruchtbarkeit von der praktischen, der Nützlichkeit und Brauchbarkeit unterscheiden.",
6.997,"Das Bewußtsein und Gefühl der Geringfähigkeit seines moralischen Werths in Vergleichung mit dem Gesetz ist die Demuth ( humilitas moralis ). Die Überredung von einer Größe dieses seines Werths, aber nur aus Mangel der Vergleichung mit dem Gesetz, kann der Tugendstolz ( arrogantia moralis ) genannt werden. - Die Entsagung alles Anspruchs auf irgend einen moralischen Werth seiner selbst in der Überredung, sich eben dadurch einen geborgten zu erwerben, ist die sittlich-falsche Kriecherei ( humilitas spuria ).",
6.937,"Die, wenn gleich nicht vornehmste, doch erste Pflicht des Menschen gegen sich selbst in der Qualität seiner Thierheit ist die Selbsterhaltung in seiner animalischen Natur.",
7.736,"Frohsinn und Leichtsinn, Tiefsinn und Wahnsinn, Hochsinn und Starrsinn, endlich Kaltsinn und Schwachsinn sind nur als Wirkungen des Temperaments in Beziehung auf ihre Ursache unterschieden. *)",
9.217,"2) Logisch wichtig ist jedes Erkenntniß zu nennen, das die logische Vollkommenheit der Form nach befördert, z. B. jeder mathematische Satz, jedes deutlich eingesehene Gesetz der Natur, jede richtige philosophische Erklärung. Die praktische Wichtigkeit kann man nicht voraussehen, sondern man muß sie abwarten.",
7.105,"Glaubenssätze, welche zugleich als göttliche Gebote gedacht werden sollen, sind nun entweder blos statutarisch, mithin für uns zufällig und Offenbarungslehren, oder moralisch, mithin mit dem Bewußtsein ihrer Nothwendigkeit verbunden und a priori erkennbar, d. i. Vernunftlehren des Glaubens. Der Inbegriff der ersteren Lehren macht den Kirchen-, der anderen aber den reinen Religionsglauben aus. *)",
7.433,"§ 36. Vorhersagen, Wahrsagen und Weissagen sind darin unterschieden: daß das erstere ein Vorhersehen nach Erfahrungsgesetzen (mithin natürlich), das zweite den bekannten Erfahrungsgesetzen entgegen (widernatürlich), das dritte aber Eingebung einer von der Natur unterschiedenen Ursache (übernatürlich) ist, oder dafür gehalten wird, deren Fähigkeit, weil sie von dem Einflusse eines Gottes herzurühren scheint, auch das eigentliche Divinationsvermögen genannt wird (denn uneigentlich wird jede scharfsinnige Errathung des Künftigen auch Divination genannt).",
6.515,"Geschlechtsgemeinschaft ( commercium sexuale ) ist der wechselseitige Gebrauch, den ein Mensch von eines anderen Geschlechtsorganen und Vermögen macht ( usus membrorum et facultatum sexualium alterius ), und entweder ein natürlicher (wodurch seines Gleichen erzeugt werden kann), oder unnatürlicher Gebrauch und dieser entweder an einer Person ebendesselben Geschlechts, oder einem Thiere von einer anderen als der Menschen-gattung; Welche Übertretungen der Gesetze, unnatürliche Laster ( crimina carnis contra naturam ), die auch unnennbar heißen, als Läsion der Menschheit in unserer eigenen Person durch gar keine Einschränkungen und Ausnahmen wider die gänzliche Verwerfung gerettet werden können.",
7.464,"Ein richtiger Verstand ist der gesunde Verstand, so fern er Angemessenheit der Begriffe zum Zwecke ihres Gebrauchs enthält. So wie nun Zulänglichkeit ( sufficientia ) und Abgemessenheit ( praecisio ), vereinigt, die Angemessenheit, d. i. die Beschaffenheit des Begriffs ausmacht, nicht mehr, auch nicht weniger, als der Gegenstand erfordert, zu enthalten ( conceptus rem adaequans ): so ist ein richtiger Verstand unter den intellectuellen Vermögen das erste und Vornehmste: weil er mit den wenigsten Mitteln seinem Zweck ein Gnüge thut.",
7.760,"Von dem Charakteristischen 1. in der Gesichtsbildung, 2. in den Gesichtszügen, 3. in der habituellen Gesichtsgeberdung (den Mienen).",
5.702,2) Antithesis. Das Geschmacksurtheil gründet sich auf Begriffen; denn sonst ließe sich ungeachtet der Verschiedenheit desselben darüber auch nicht einmal streiten (auf die nothwendige Einstimmung anderer mit diesem Urtheile Anspruch machen).,
7.451,"Die prognostischen Zeichen interessiren unter allen am meisten: weil in der Reihe der Veränderungen die Gegenwart nur ein Augenblick ist, und der Bestimmungsgrund des Begehrungsvermögens das Gegenwärtige nur um der künftigen Folgen willen ( ob futura consequentia ) beherzigt und auf diese vorzüglich aufmerksam macht. - In Ansehung künftiger Weltbegebenheiten findet sich die sicherste Prognose in der Astronomie; sie ist aber kindisch und phantastisch, wenn die Sterngestalten, Verbindungen und veränderte Planetenstellungen als allegorische Schriftzeichen am Himmel von bevorstehenden Schicksalen des Menschen (in der Astrologia iudiciaria ) vorgestellt werden. Die natürlichen prognostischen Zeichen einer bevorstehenden Krankheit oder Genesung oder (wie die facies Hippocratica ) des nahen Todes sind Erscheinungen, die, auf lange und öftere Erfahrung gegründet, auch nach der Einsicht des Zusammenhanges derselben als Ursachen und Wirkungen dem Arzt zur Leitung in seiner Cur dienen; dergleichen die kritischen Tage sind. Aber die von den Römern in staatskluger Absicht veranstalteten Augurien und Haruspicinen waren ein durch den Staat geheiligter Aberglaube, um in gefährlichen Zeitläuften das Volk zu lenken.",
7.523,"Der Witz ist entweder der vergleichende ( ingenium comparans ), oder der vernünftelnde Witz ( ingenium argutans ). Der Witz paart (assimilirt) heterogene Vorstellungen, die oft nach dem Gesetze der Einbildungskraft (der Association) weit auseinander liegen, und ist ein eigenthümliches Verähnlichungsvermögen, welches dem Verstande (als dem Vermögen der Erkenntniß des Allgemeinen), so fern er die Gegenstände unter Gattungen bringt, angehört. Er bedarf nachher der Urtheilskraft, um das Besondere unter dem Allgemeinen zu bestimmen und das Denkungsvermögen zum erkennen anzuwenden. - Witzig (im Reden oder Schreiben) zu sein, kann durch den Mechanism der Schule und ihren Zwang nicht erlernt werden, sondern gehört, als ein besonderes Talent, zur Liberalität der Sinnesart in der wechselseitigen Gedankenmittheilung ( veniam damus petimusque vicissim ); einer schwer zu erklärenden Eigenschaft des Verstandes überhaupt - gleichsam seiner Gefälligkeit - , die mit der Strenge der Urtheilskraft ( iudicium discretivum ) in der Anwendung des Allgemeinen auf das Besondere (der Gattungsbegriffe auf die der Species) contrastirt, als welche das Assimilationsvermögen sowohl, als auch den Hang dazu einschränkt.",
4.1185,"Eine Materie durchdringt in ihrer Bewegung eine andere, wenn sie durch Zusammendrückung den Raum ihrer Ausdehnung völlig aufhebt.",
9.1605,"Eine gar zu schwache, so wie auch eine zu starke Perspiration macht ein dickes, klebrichtes Geblüt, und die größte Kälte sowohl als die größte Hitze machen, daß durch Austrocknung der Säfte die Gefäße und Nerven der animalischen Bewegungen steif und unbiegsam werden.",
5.555,"Das Geschmacksurtheil bestimmt seinen Gegenstand in Ansehung des Wohlgefallens (als Schönheit) mit einem Anspruche auf jedermanns Beistimmung, als ob es objectiv wäre.",
4.113,"Eine solche Unterweisung ist der Würde der Philosophie auf keine Weise gemäß. Um deswillen hat man diese Benennung der Dialektik lieber als eine Kritik des dialektischen Scheins der Logik beigezählt, und als eine solche wollen wir sie auch hier verstanden wissen.",
3.149,"Eine solche Unterweisung ist der Würde der Philosophie auf keine Weise gemäß. Um deswillen hat man diese Benennung der Dialektik lieber als eine Kritik des dialektischen Scheins der Logik beigezählt, und als eine solche wollen wir sie auch hier verstanden wissen.",
9.370,"1) Vorurtheile des Ansehens. Zu diesen ist zu rechnen: a) das Vorurtheil des Ansehens der Person. Wenn wir in Dingen, die auf Erfahrung und Zeugnissen beruhen, unsre Erkenntniß auf das Ansehen andrer Personen bauen: so machen wir uns dadurch keiner Vorurtheile schuldig, denn in Sachen dieser Art",
6.678,"2) Der Landesherr hat das Recht der Begünstigung der Einwanderung und Ansiedelung Fremder (Colonisten), obgleich seine Landeskinder dazu scheel sehen möchten; wenn ihnen nur nicht das Privateigenthum derselben am Boden gekürzt wird.",
9.1564,3. Muß er die Länge und Breite eines jeden Ortes wissen. Die erstere ist am schwersten zu finden. Man bedient sich dazu der Sonnen- und,
6.711,"Noch weniger kann Leibeigenschaft und ihre Rechtmäßigkeit von der Überwältigung eines Volks durch Krieg abgeleitet werden, weil man hiezu einen Strafkrieg annehmen müßte. Am allerwenigsten eine erbliche Leibeigenschaft, die überhaupt absurd ist, weil die Schuld aus jemandes Verbrechen nicht anerben kann.",
6.1110,"Von dieser Schadenfreude ist die süßeste und noch dazu mit dem Schein des größten Rechts, ja wohl gar der Verbindlichkeit (als Rechtsbegierde), den Schaden Anderer auch ohne eigenen Vortheil sich zum Zweck zu machen, die Rachbegierde.",
9.1991,gehört zu einer Gattung Zink; durch dessen Zusatz zum Kupfer wird Messing gemacht.,
5.759,"§ 62. Von der objectiven Zweckmäßigkeit, die bloß formal ist, zum Unterschiede von der materialen.",
3.813,II. Auflösung der kosmologischen Idee von der Totalität der Theilung eines gegebenen Ganzen in der Anschauung.,
2.786,Recension von Moscatis Schrift: Von dem körperlichen wesentlichen Unterschiede zwischen der Structur der Thiere und Menschen.,
9.461,"Begriffe, die einerlei Sphäre haben, werden Wechselbegriffe ( conceptus reciproci ) genannt.",
9.1750,"Sie werden eingetheilt in ungeschwänzte, kurzgeschwänzte oder Pavians und langgeschwänzte Affen oder Meerkatzen.",
5.238,VIII. Vom Fürwahrhalten aus einem Bedürfnisse der reinen Vernunft.,
6.875,XIII. Allgemeine Grundsätze der Metaphysik der Sitten in Behandlung einer reinen Tugendlehre.,
7.359,Von den Ursachen der Vermehrung oder Verminderung der Sinnenempfindungen dem Grade nach.,
